VEGAS_LINE,OVER,PREDICTED,W_PCT_A,MIN_A,E_OFF_RATING_A,E_DEF_RATING_A,E_NET_RATING_A,E_PACE_A,E_AST_RATIO_A,E_OREB_PCT_A,E_DREB_PCT_A,E_REB_PCT_A,E_TM_TOV_PCT_A,GP_RANK_A,W_RANK_A,L_RANK_A,W_PCT_RANK_A,MIN_RANK_A,E_OFF_RATING_RANK_A,E_DEF_RATING_RANK_A,E_NET_RATING_RANK_A,E_AST_RATIO_RANK_A,E_OREB_PCT_RANK_A,E_DREB_PCT_RANK_A,E_REB_PCT_RANK_A,E_TM_TOV_PCT_RANK_A,W_PCT_H,MIN_H,E_OFF_RATING_H,E_DEF_RATING_H,E_NET_RATING_H,E_PACE_H,E_AST_RATIO_H,E_OREB_PCT_H,E_DREB_PCT_H,E_REB_PCT_H,E_TM_TOV_PCT_H,GP_RANK_H,W_RANK_H,L_RANK_H,W_PCT_RANK_H,MIN_RANK_H,E_OFF_RATING_RANK_H,E_DEF_RATING_RANK_H,E_NET_RATING_RANK_H,E_AST_RATIO_RANK_H,E_OREB_PCT_RANK_H,E_DREB_PCT_RANK_H,E_REB_PCT_RANK_H,E_TM_TOV_PCT_RANK_H
226.5,0,234.01697200021204,0.183,3946.0,108.3,116.8,-8.5,104.9,19.5,0.2,0.725,0.456,0.133,1.0,29.0,29.0,29.0,23.0,25.0,28.0,27.0,9.0,29.0,30.0,30.0,16.0,0.476,3996.0,112.4,113.2,-0.8,98.6,18.2,0.251,0.764,0.502,0.123,1.0,20.0,20.0,20.0,1.0,18.0,21.0,20.0,24.0,9.0,10.0,14.0,4.0
224.5,0,220.7643431087091,0.256,3976.0,105.0,114.5,-9.5,100.0,16.7,0.275,0.74,0.494,0.15,1.0,27.0,27.0,27.0,2.0,29.0,23.0,29.0,30.0,3.0,27.0,22.0,29.0,0.5,3971.0,111.5,110.7,0.9,101.5,17.7,0.251,0.76,0.503,0.124,1.0,19.0,19.0,19.0,3.0,21.0,9.0,17.0,29.0,10.0,15.0,13.0,7.0
234.5,0,232.25847902344708,0.598,3956.0,114.9,111.5,3.4,100.8,19.4,0.25,0.756,0.516,0.147,1.0,8.0,8.0,8.0,17.0,9.0,12.0,7.0,11.0,11.0,17.0,5.0,25.0,0.268,3966.0,107.5,113.8,-6.3,103.5,20.5,0.229,0.764,0.494,0.145,1.0,26.0,26.0,26.0,7.0,26.0,22.0,25.0,3.0,23.0,9.0,21.0,24.0
214.5,1,215.8662129126343,0.329,3956.0,104.2,111.7,-7.5,100.7,17.9,0.238,0.748,0.483,0.148,1.0,24.0,24.0,24.0,17.0,30.0,13.0,26.0,27.0,19.0,22.0,28.0,27.0,0.695,3941.0,115.6,110.5,5.0,99.1,20.9,0.255,0.755,0.512,0.127,1.0,2.0,2.0,2.0,26.0,6.0,8.0,4.0,2.0,6.0,18.0,8.0,9.0
238.5,0,238.4043010381638,0.61,3941.0,115.2,112.6,2.6,102.4,18.5,0.222,0.752,0.488,0.122,1.0,6.0,6.0,6.0,26.0,7.0,16.0,12.0,20.0,24.0,19.0,25.0,3.0,0.378,3961.0,112.0,117.7,-5.8,102.2,18.9,0.281,0.752,0.518,0.152,1.0,23.0,23.0,23.0,10.0,19.0,30.0,23.0,17.0,2.0,21.0,3.0,30.0
220.0,0,228.89869897988217,0.573,3956.0,113.8,111.0,2.8,100.1,18.0,0.248,0.743,0.491,0.119,1.0,12.0,12.0,12.0,17.0,14.0,10.0,11.0,26.0,13.0,25.0,23.0,2.0,0.561,3971.0,113.8,112.9,0.9,101.1,19.9,0.245,0.784,0.508,0.128,1.0,16.0,16.0,16.0,3.0,13.0,19.0,17.0,8.0,14.0,1.0,10.0,11.0
235.0,1,242.39448957963918,0.573,3941.0,117.9,115.5,2.5,104.2,21.0,0.238,0.741,0.489,0.124,1.0,12.0,12.0,12.0,26.0,2.0,24.0,13.0,1.0,20.0,26.0,24.0,6.0,0.622,3941.0,116.1,112.3,3.9,99.7,18.7,0.244,0.748,0.505,0.132,1.0,5.0,5.0,5.0,26.0,4.0,14.0,6.0,18.0,16.0,23.0,11.0,15.0
217.0,0,223.7668093758798,0.561,3966.0,114.7,112.4,2.3,101.8,20.1,0.275,0.761,0.521,0.139,1.0,16.0,16.0,16.0,7.0,10.0,15.0,14.0,5.0,4.0,13.0,2.0,22.0,0.561,3951.0,111.7,109.5,2.2,98.5,19.1,0.218,0.781,0.497,0.128,1.0,16.0,16.0,16.0,21.0,20.0,5.0,15.0,15.0,26.0,2.0,19.0,10.0
234.5,1,240.182986874648,0.573,3971.0,113.6,112.7,0.9,103.1,20.1,0.199,0.762,0.495,0.135,1.0,12.0,12.0,12.0,3.0,15.0,17.0,17.0,6.0,30.0,12.0,20.0,18.0,0.598,3961.0,116.0,112.8,3.2,102.2,19.0,0.218,0.772,0.501,0.126,1.0,8.0,8.0,8.0,10.0,5.0,18.0,8.0,16.0,25.0,5.0,17.0,8.0
223.0,1,229.50801396882514,0.695,3961.0,117.0,109.1,7.9,102.3,19.4,0.211,0.738,0.485,0.123,1.0,2.0,2.0,2.0,10.0,3.0,4.0,2.0,12.0,28.0,29.0,27.0,5.0,0.598,3941.0,115.0,110.1,5.0,100.2,19.4,0.244,0.769,0.51,0.13,1.0,8.0,8.0,8.0,26.0,8.0,7.0,4.0,10.0,15.0,6.0,9.0,12.0
233.0,0,235.7953047387947,0.61,3941.0,115.2,112.6,2.6,102.4,18.5,0.222,0.752,0.488,0.122,1.0,6.0,6.0,6.0,26.0,7.0,16.0,12.0,20.0,24.0,19.0,25.0,3.0,0.561,3971.0,113.8,112.9,0.9,101.1,19.9,0.245,0.784,0.508,0.128,1.0,16.0,16.0,16.0,3.0,13.0,19.0,17.0,8.0,14.0,1.0,10.0,11.0
207.0,1,219.50673963494978,0.585,3961.0,112.8,109.9,2.9,99.5,20.2,0.232,0.769,0.504,0.136,1.0,11.0,11.0,11.0,10.0,17.0,6.0,9.0,4.0,21.0,7.0,12.0,19.0,0.256,3946.0,107.1,117.0,-9.9,99.4,18.4,0.211,0.745,0.47,0.138,1.0,27.0,27.0,27.0,23.0,28.0,29.0,30.0,22.0,27.0,24.0,29.0,21.0
218.0,0,223.057420339514,0.561,3966.0,114.7,112.4,2.3,101.8,20.1,0.275,0.761,0.521,0.139,1.0,16.0,16.0,16.0,7.0,10.0,15.0,14.0,5.0,4.0,13.0,2.0,22.0,0.573,3956.0,110.6,108.6,2.0,99.4,18.1,0.253,0.781,0.515,0.147,1.0,12.0,12.0,12.0,17.0,22.0,2.0,16.0,25.0,7.0,3.0,6.0,26.0
221.0,1,231.7967221929366,0.39,3961.0,110.4,113.1,-2.7,99.4,18.6,0.252,0.76,0.499,0.131,1.0,22.0,22.0,22.0,10.0,23.0,20.0,22.0,19.0,8.0,16.0,18.0,14.0,0.183,3946.0,108.3,116.8,-8.5,104.9,19.5,0.2,0.725,0.456,0.133,1.0,29.0,29.0,29.0,23.0,25.0,28.0,27.0,9.0,29.0,30.0,30.0,16.0
220.0,1,230.65022397053554,0.256,3976.0,105.0,114.5,-9.5,100.0,16.7,0.275,0.74,0.494,0.15,1.0,27.0,27.0,27.0,2.0,29.0,23.0,29.0,30.0,3.0,27.0,22.0,29.0,0.439,3971.0,114.0,116.7,-2.6,102.6,18.4,0.271,0.752,0.502,0.13,1.0,21.0,21.0,21.0,3.0,12.0,27.0,21.0,21.0,5.0,20.0,15.0,13.0
214.5,1,226.86999592028099,0.622,3941.0,116.1,112.3,3.9,99.7,18.7,0.244,0.748,0.505,0.132,1.0,5.0,5.0,5.0,26.0,4.0,14.0,6.0,18.0,16.0,23.0,11.0,15.0,0.573,3956.0,113.8,111.0,2.8,100.1,18.0,0.248,0.743,0.491,0.119,1.0,12.0,12.0,12.0,17.0,14.0,10.0,11.0,26.0,13.0,25.0,23.0,2.0
211.5,1,224.40000410742368,0.61,3946.0,114.1,111.2,2.9,97.8,17.8,0.294,0.761,0.527,0.134,1.0,6.0,6.0,6.0,23.0,11.0,11.0,9.0,28.0,1.0,14.0,1.0,17.0,0.305,3961.0,109.8,115.8,-6.0,101.8,19.9,0.242,0.739,0.486,0.137,1.0,25.0,25.0,25.0,10.0,24.0,25.0,24.0,7.0,17.0,28.0,26.0,20.0
234.5,0,240.4563817649365,0.573,3941.0,117.9,115.5,2.5,104.2,21.0,0.238,0.741,0.489,0.124,1.0,12.0,12.0,12.0,26.0,2.0,24.0,13.0,1.0,20.0,26.0,24.0,6.0,0.476,3996.0,112.4,113.2,-0.8,98.6,18.2,0.251,0.764,0.502,0.123,1.0,20.0,20.0,20.0,1.0,18.0,21.0,20.0,24.0,9.0,10.0,14.0,4.0
225.5,1,225.75264920853874,0.573,3971.0,113.6,112.7,0.9,103.1,20.1,0.199,0.762,0.495,0.135,1.0,12.0,12.0,12.0,3.0,15.0,17.0,17.0,6.0,30.0,12.0,20.0,18.0,0.329,3956.0,104.2,111.7,-7.5,100.7,17.9,0.238,0.748,0.483,0.148,1.0,24.0,24.0,24.0,17.0,30.0,13.0,26.0,27.0,19.0,22.0,28.0,27.0
215.5,0,221.06998416464148,0.171,3951.0,107.2,116.0,-8.8,102.2,18.2,0.239,0.773,0.501,0.148,1.0,30.0,30.0,30.0,21.0,27.0,26.0,28.0,23.0,18.0,4.0,16.0,28.0,0.683,3961.0,113.1,106.2,6.9,99.5,19.3,0.232,0.769,0.513,0.142,1.0,4.0,4.0,4.0,10.0,16.0,1.0,3.0,14.0,22.0,8.0,7.0,23.0
226.0,1,229.40271754655168,0.5,3971.0,111.5,110.7,0.9,101.5,17.7,0.251,0.76,0.503,0.124,1.0,19.0,19.0,19.0,3.0,21.0,9.0,17.0,29.0,10.0,15.0,13.0,7.0,0.695,3961.0,117.0,109.1,7.9,102.3,19.4,0.211,0.738,0.485,0.123,1.0,2.0,2.0,2.0,10.0,3.0,4.0,2.0,12.0,28.0,29.0,27.0,5.0
220.5,1,229.43025131630543,0.598,3956.0,114.9,111.5,3.4,100.8,19.4,0.25,0.756,0.516,0.147,1.0,8.0,8.0,8.0,17.0,9.0,12.0,7.0,11.0,11.0,17.0,5.0,25.0,0.622,3941.0,116.1,112.3,3.9,99.7,18.7,0.244,0.748,0.505,0.132,1.0,5.0,5.0,5.0,26.0,4.0,14.0,6.0,18.0,16.0,23.0,11.0,15.0
220.0,1,225.48401385921238,0.476,3996.0,112.4,113.2,-0.8,98.6,18.2,0.251,0.764,0.502,0.123,1.0,20.0,20.0,20.0,1.0,18.0,21.0,20.0,24.0,9.0,10.0,14.0,4.0,0.171,3951.0,107.2,116.0,-8.8,102.2,18.2,0.239,0.773,0.501,0.148,1.0,30.0,30.0,30.0,21.0,27.0,26.0,28.0,23.0,18.0,4.0,16.0,28.0
221.0,1,222.25542575585564,0.61,3946.0,114.1,111.2,2.9,97.8,17.8,0.294,0.761,0.527,0.134,1.0,6.0,6.0,6.0,23.0,11.0,11.0,9.0,28.0,1.0,14.0,1.0,17.0,0.78,3966.0,120.2,109.0,11.2,99.5,19.3,0.249,0.763,0.517,0.119,1.0,1.0,1.0,1.0,7.0,1.0,3.0,1.0,13.0,12.0,11.0,4.0,1.0
227.0,1,231.56193805775604,0.5,3971.0,111.5,110.7,0.9,101.5,17.7,0.251,0.76,0.503,0.124,1.0,19.0,19.0,19.0,3.0,21.0,9.0,17.0,29.0,10.0,15.0,13.0,7.0,0.378,3961.0,112.0,117.7,-5.8,102.2,18.9,0.281,0.752,0.518,0.152,1.0,23.0,23.0,23.0,10.0,19.0,30.0,23.0,17.0,2.0,21.0,3.0,30.0
221.0,0,227.47930176278624,0.561,3966.0,114.7,112.4,2.3,101.8,20.1,0.275,0.761,0.521,0.139,1.0,16.0,16.0,16.0,7.0,10.0,15.0,14.0,5.0,4.0,13.0,2.0,22.0,0.256,3976.0,105.0,114.5,-9.5,100.0,16.7,0.275,0.74,0.494,0.15,1.0,27.0,27.0,27.0,2.0,29.0,23.0,29.0,30.0,3.0,27.0,22.0,29.0
217.5,1,228.9761985438547,0.598,3941.0,115.0,110.1,5.0,100.2,19.4,0.244,0.769,0.51,0.13,1.0,8.0,8.0,8.0,26.0,8.0,7.0,4.0,10.0,15.0,6.0,9.0,12.0,0.561,3971.0,113.8,112.9,0.9,101.1,19.9,0.245,0.784,0.508,0.128,1.0,16.0,16.0,16.0,3.0,13.0,19.0,17.0,8.0,14.0,1.0,10.0,11.0
214.5,1,216.35322087158272,0.573,3956.0,110.6,108.6,2.0,99.4,18.1,0.253,0.781,0.515,0.147,1.0,12.0,12.0,12.0,17.0,22.0,2.0,16.0,25.0,7.0,3.0,6.0,26.0,0.573,3956.0,113.8,111.0,2.8,100.1,18.0,0.248,0.743,0.491,0.119,1.0,12.0,12.0,12.0,17.0,14.0,10.0,11.0,26.0,13.0,25.0,23.0,2.0
224.0,1,232.29705671583736,0.476,3996.0,112.4,113.2,-0.8,98.6,18.2,0.251,0.764,0.502,0.123,1.0,20.0,20.0,20.0,1.0,18.0,21.0,20.0,24.0,9.0,10.0,14.0,4.0,0.183,3946.0,108.3,116.8,-8.5,104.9,19.5,0.2,0.725,0.456,0.133,1.0,29.0,29.0,29.0,23.0,25.0,28.0,27.0,9.0,29.0,30.0,30.0,16.0
217.5,1,224.6292282333012,0.256,3946.0,107.1,117.0,-9.9,99.4,18.4,0.211,0.745,0.47,0.138,1.0,27.0,27.0,27.0,23.0,28.0,29.0,30.0,22.0,27.0,24.0,29.0,21.0,0.78,3966.0,120.2,109.0,11.2,99.5,19.3,0.249,0.763,0.517,0.119,1.0,1.0,1.0,1.0,7.0,1.0,3.0,1.0,13.0,12.0,11.0,4.0,1.0
231.5,1,237.0219517233677,0.573,3941.0,117.9,115.5,2.5,104.2,21.0,0.238,0.741,0.489,0.124,1.0,12.0,12.0,12.0,26.0,2.0,24.0,13.0,1.0,20.0,26.0,24.0,6.0,0.585,3961.0,112.8,109.9,2.9,99.5,20.2,0.232,0.769,0.504,0.136,1.0,11.0,11.0,11.0,10.0,17.0,6.0,9.0,4.0,21.0,7.0,12.0,19.0
211.5,1,218.1677647602403,0.39,3961.0,110.4,113.1,-2.7,99.4,18.6,0.252,0.76,0.499,0.131,1.0,22.0,22.0,22.0,10.0,23.0,20.0,22.0,19.0,8.0,16.0,18.0,14.0,0.61,3946.0,114.1,111.2,2.9,97.8,17.8,0.294,0.761,0.527,0.134,1.0,6.0,6.0,6.0,23.0,11.0,11.0,9.0,28.0,1.0,14.0,1.0,17.0
226.0,1,225.75264920853874,0.573,3971.0,113.6,112.7,0.9,103.1,20.1,0.199,0.762,0.495,0.135,1.0,12.0,12.0,12.0,3.0,15.0,17.0,17.0,6.0,30.0,12.0,20.0,18.0,0.329,3956.0,104.2,111.7,-7.5,100.7,17.9,0.238,0.748,0.483,0.148,1.0,24.0,24.0,24.0,17.0,30.0,13.0,26.0,27.0,19.0,22.0,28.0,27.0
220.0,1,222.58199019242056,0.305,3961.0,109.8,115.8,-6.0,101.8,19.9,0.242,0.739,0.486,0.137,1.0,25.0,25.0,25.0,10.0,24.0,25.0,24.0,7.0,17.0,28.0,26.0,20.0,0.561,3951.0,111.7,109.5,2.2,98.5,19.1,0.218,0.781,0.497,0.128,1.0,16.0,16.0,16.0,21.0,20.0,5.0,15.0,15.0,26.0,2.0,19.0,10.0
227.0,0,230.06183621144032,0.439,3971.0,114.0,116.7,-2.6,102.6,18.4,0.271,0.752,0.502,0.13,1.0,21.0,21.0,21.0,3.0,12.0,27.0,21.0,21.0,5.0,20.0,15.0,13.0,0.683,3961.0,113.1,106.2,6.9,99.5,19.3,0.232,0.769,0.513,0.142,1.0,4.0,4.0,4.0,10.0,16.0,1.0,3.0,14.0,22.0,8.0,7.0,23.0
223.5,1,237.21238882958232,0.598,3961.0,116.0,112.8,3.2,102.2,19.0,0.218,0.772,0.501,0.126,1.0,8.0,8.0,8.0,10.0,5.0,18.0,8.0,16.0,25.0,5.0,17.0,8.0,0.695,3961.0,117.0,109.1,7.9,102.3,19.4,0.211,0.738,0.485,0.123,1.0,2.0,2.0,2.0,10.0,3.0,4.0,2.0,12.0,28.0,29.0,27.0,5.0
223.0,1,228.81450117615714,0.695,3941.0,115.6,110.5,5.0,99.1,20.9,0.255,0.755,0.512,0.127,1.0,2.0,2.0,2.0,26.0,6.0,8.0,4.0,2.0,6.0,18.0,8.0,9.0,0.268,3966.0,107.5,113.8,-6.3,103.5,20.5,0.229,0.764,0.494,0.145,1.0,26.0,26.0,26.0,7.0,26.0,22.0,25.0,3.0,23.0,9.0,21.0,24.0
217.0,0,233.0459684084591,0.171,3951.0,107.2,116.0,-8.8,102.2,18.2,0.239,0.773,0.501,0.148,1.0,30.0,30.0,30.0,21.0,27.0,26.0,28.0,23.0,18.0,4.0,16.0,28.0,0.61,3941.0,115.2,112.6,2.6,102.4,18.5,0.222,0.752,0.488,0.122,1.0,6.0,6.0,6.0,26.0,7.0,16.0,12.0,20.0,24.0,19.0,25.0,3.0
225.5,0,229.26589999556722,0.598,3941.0,115.0,110.1,5.0,100.2,19.4,0.244,0.769,0.51,0.13,1.0,8.0,8.0,8.0,26.0,8.0,7.0,4.0,10.0,15.0,6.0,9.0,12.0,0.561,3966.0,114.7,112.4,2.3,101.8,20.1,0.275,0.761,0.521,0.139,1.0,16.0,16.0,16.0,7.0,10.0,15.0,14.0,5.0,4.0,13.0,2.0,22.0
217.5,1,221.00706032615074,0.5,3971.0,111.5,110.7,0.9,101.5,17.7,0.251,0.76,0.503,0.124,1.0,19.0,19.0,19.0,3.0,21.0,9.0,17.0,29.0,10.0,15.0,13.0,7.0,0.256,3976.0,105.0,114.5,-9.5,100.0,16.7,0.275,0.74,0.494,0.15,1.0,27.0,27.0,27.0,2.0,29.0,23.0,29.0,30.0,3.0,27.0,22.0,29.0
225.0,0,235.6018832733589,0.378,3961.0,112.0,117.7,-5.8,102.2,18.9,0.281,0.752,0.518,0.152,1.0,23.0,23.0,23.0,10.0,19.0,30.0,23.0,17.0,2.0,21.0,3.0,30.0,0.622,3941.0,116.1,112.3,3.9,99.7,18.7,0.244,0.748,0.505,0.132,1.0,5.0,5.0,5.0,26.0,4.0,14.0,6.0,18.0,16.0,23.0,11.0,15.0
226.5,0,232.40834081027685,0.598,3956.0,114.9,111.5,3.4,100.8,19.4,0.25,0.756,0.516,0.147,1.0,8.0,8.0,8.0,17.0,9.0,12.0,7.0,11.0,11.0,17.0,5.0,25.0,0.561,3971.0,113.8,112.9,0.9,101.1,19.9,0.245,0.784,0.508,0.128,1.0,16.0,16.0,16.0,3.0,13.0,19.0,17.0,8.0,14.0,1.0,10.0,11.0
213.0,0,220.08925044805937,0.171,3951.0,107.2,116.0,-8.8,102.2,18.2,0.239,0.773,0.501,0.148,1.0,30.0,30.0,30.0,21.0,27.0,26.0,28.0,23.0,18.0,4.0,16.0,28.0,0.329,3956.0,104.2,111.7,-7.5,100.7,17.9,0.238,0.748,0.483,0.148,1.0,24.0,24.0,24.0,17.0,30.0,13.0,26.0,27.0,19.0,22.0,28.0,27.0
233.0,0,237.7921875465138,0.305,3961.0,109.8,115.8,-6.0,101.8,19.9,0.242,0.739,0.486,0.137,1.0,25.0,25.0,25.0,10.0,24.0,25.0,24.0,7.0,17.0,28.0,26.0,20.0,0.598,3961.0,116.0,112.8,3.2,102.2,19.0,0.218,0.772,0.501,0.126,1.0,8.0,8.0,8.0,10.0,5.0,18.0,8.0,16.0,25.0,5.0,17.0,8.0
218.5,1,228.01265637242807,0.268,3966.0,107.5,113.8,-6.3,103.5,20.5,0.229,0.764,0.494,0.145,1.0,26.0,26.0,26.0,7.0,26.0,22.0,25.0,3.0,23.0,9.0,21.0,24.0,0.598,3941.0,115.0,110.1,5.0,100.2,19.4,0.244,0.769,0.51,0.13,1.0,8.0,8.0,8.0,26.0,8.0,7.0,4.0,10.0,15.0,6.0,9.0,12.0
224.0,0,237.5033870242636,0.561,3966.0,114.7,112.4,2.3,101.8,20.1,0.275,0.761,0.521,0.139,1.0,16.0,16.0,16.0,7.0,10.0,15.0,14.0,5.0,4.0,13.0,2.0,22.0,0.61,3941.0,115.2,112.6,2.6,102.4,18.5,0.222,0.752,0.488,0.122,1.0,6.0,6.0,6.0,26.0,7.0,16.0,12.0,20.0,24.0,19.0,25.0,3.0
216.5,0,220.70304416398642,0.683,3961.0,113.1,106.2,6.9,99.5,19.3,0.232,0.769,0.513,0.142,1.0,4.0,4.0,4.0,10.0,16.0,1.0,3.0,14.0,22.0,8.0,7.0,23.0,0.598,3956.0,114.9,111.5,3.4,100.8,19.4,0.25,0.756,0.516,0.147,1.0,8.0,8.0,8.0,17.0,9.0,12.0,7.0,11.0,11.0,17.0,5.0,25.0
224.0,1,235.6018832733589,0.378,3961.0,112.0,117.7,-5.8,102.2,18.9,0.281,0.752,0.518,0.152,1.0,23.0,23.0,23.0,10.0,19.0,30.0,23.0,17.0,2.0,21.0,3.0,30.0,0.622,3941.0,116.1,112.3,3.9,99.7,18.7,0.244,0.748,0.505,0.132,1.0,5.0,5.0,5.0,26.0,4.0,14.0,6.0,18.0,16.0,23.0,11.0,15.0
230.0,0,228.52012379317637,0.585,3961.0,112.8,109.9,2.9,99.5,20.2,0.232,0.769,0.504,0.136,1.0,11.0,11.0,11.0,10.0,17.0,6.0,9.0,4.0,21.0,7.0,12.0,19.0,0.573,3971.0,113.6,112.7,0.9,103.1,20.1,0.199,0.762,0.495,0.135,1.0,12.0,12.0,12.0,3.0,15.0,17.0,17.0,6.0,30.0,12.0,20.0,18.0
216.0,0,224.7957245542683,0.171,3951.0,107.2,116.0,-8.8,102.2,18.2,0.239,0.773,0.501,0.148,1.0,30.0,30.0,30.0,21.0,27.0,26.0,28.0,23.0,18.0,4.0,16.0,28.0,0.39,3961.0,110.4,113.1,-2.7,99.4,18.6,0.252,0.76,0.499,0.131,1.0,22.0,22.0,22.0,10.0,23.0,20.0,22.0,19.0,8.0,16.0,18.0,14.0
214.0,0,218.0201848487235,0.573,3956.0,113.8,111.0,2.8,100.1,18.0,0.248,0.743,0.491,0.119,1.0,12.0,12.0,12.0,17.0,14.0,10.0,11.0,26.0,13.0,25.0,23.0,2.0,0.329,3956.0,104.2,111.7,-7.5,100.7,17.9,0.238,0.748,0.483,0.148,1.0,24.0,24.0,24.0,17.0,30.0,13.0,26.0,27.0,19.0,22.0,28.0,27.0
224.0,1,233.85477633708956,0.439,3971.0,114.0,116.7,-2.6,102.6,18.4,0.271,0.752,0.502,0.13,1.0,21.0,21.0,21.0,3.0,12.0,27.0,21.0,21.0,5.0,20.0,15.0,13.0,0.695,3941.0,115.6,110.5,5.0,99.1,20.9,0.255,0.755,0.512,0.127,1.0,2.0,2.0,2.0,26.0,6.0,8.0,4.0,2.0,6.0,18.0,8.0,9.0
227.0,1,231.0311455876281,0.5,3971.0,111.5,110.7,0.9,101.5,17.7,0.251,0.76,0.503,0.124,1.0,19.0,19.0,19.0,3.0,21.0,9.0,17.0,29.0,10.0,15.0,13.0,7.0,0.61,3941.0,115.2,112.6,2.6,102.4,18.5,0.222,0.752,0.488,0.122,1.0,6.0,6.0,6.0,26.0,7.0,16.0,12.0,20.0,24.0,19.0,25.0,3.0
217.0,1,222.9969420252985,0.585,3961.0,112.8,109.9,2.9,99.5,20.2,0.232,0.769,0.504,0.136,1.0,11.0,11.0,11.0,10.0,17.0,6.0,9.0,4.0,21.0,7.0,12.0,19.0,0.622,3941.0,116.1,112.3,3.9,99.7,18.7,0.244,0.748,0.505,0.132,1.0,5.0,5.0,5.0,26.0,4.0,14.0,6.0,18.0,16.0,23.0,11.0,15.0
228.0,1,231.50416367007745,0.561,3951.0,111.7,109.5,2.2,98.5,19.1,0.218,0.781,0.497,0.128,1.0,16.0,16.0,16.0,21.0,20.0,5.0,15.0,15.0,26.0,2.0,19.0,10.0,0.573,3941.0,117.9,115.5,2.5,104.2,21.0,0.238,0.741,0.489,0.124,1.0,12.0,12.0,12.0,26.0,2.0,24.0,13.0,1.0,20.0,26.0,24.0,6.0
216.5,1,222.5283624328306,0.256,3976.0,105.0,114.5,-9.5,100.0,16.7,0.275,0.74,0.494,0.15,1.0,27.0,27.0,27.0,2.0,29.0,23.0,29.0,30.0,3.0,27.0,22.0,29.0,0.78,3966.0,120.2,109.0,11.2,99.5,19.3,0.249,0.763,0.517,0.119,1.0,1.0,1.0,1.0,7.0,1.0,3.0,1.0,13.0,12.0,11.0,4.0,1.0
218.0,1,228.22341637801503,0.695,3961.0,117.0,109.1,7.9,102.3,19.4,0.211,0.738,0.485,0.123,1.0,2.0,2.0,2.0,10.0,3.0,4.0,2.0,12.0,28.0,29.0,27.0,5.0,0.256,3946.0,107.1,117.0,-9.9,99.4,18.4,0.211,0.745,0.47,0.138,1.0,27.0,27.0,27.0,23.0,28.0,29.0,30.0,22.0,27.0,24.0,29.0,21.0
211.5,0,215.64818137623502,0.476,3996.0,112.4,113.2,-0.8,98.6,18.2,0.251,0.764,0.502,0.123,1.0,20.0,20.0,20.0,1.0,18.0,21.0,20.0,24.0,9.0,10.0,14.0,4.0,0.573,3956.0,110.6,108.6,2.0,99.4,18.1,0.253,0.781,0.515,0.147,1.0,12.0,12.0,12.0,17.0,22.0,2.0,16.0,25.0,7.0,3.0,6.0,26.0
222.0,0,226.23385995758258,0.598,3941.0,115.0,110.1,5.0,100.2,19.4,0.244,0.769,0.51,0.13,1.0,8.0,8.0,8.0,26.0,8.0,7.0,4.0,10.0,15.0,6.0,9.0,12.0,0.598,3956.0,114.9,111.5,3.4,100.8,19.4,0.25,0.756,0.516,0.147,1.0,8.0,8.0,8.0,17.0,9.0,12.0,7.0,11.0,11.0,17.0,5.0,25.0
235.0,1,238.18400935617058,0.183,3946.0,108.3,116.8,-8.5,104.9,19.5,0.2,0.725,0.456,0.133,1.0,29.0,29.0,29.0,23.0,25.0,28.0,27.0,9.0,29.0,30.0,30.0,16.0,0.305,3961.0,109.8,115.8,-6.0,101.8,19.9,0.242,0.739,0.486,0.137,1.0,25.0,25.0,25.0,10.0,24.0,25.0,24.0,7.0,17.0,28.0,26.0,20.0
220.5,1,228.70098759508994,0.61,3946.0,114.1,111.2,2.9,97.8,17.8,0.294,0.761,0.527,0.134,1.0,6.0,6.0,6.0,23.0,11.0,11.0,9.0,28.0,1.0,14.0,1.0,17.0,0.598,3961.0,116.0,112.8,3.2,102.2,19.0,0.218,0.772,0.501,0.126,1.0,8.0,8.0,8.0,10.0,5.0,18.0,8.0,16.0,25.0,5.0,17.0,8.0
225.5,1,228.7488371930524,0.573,3956.0,113.8,111.0,2.8,100.1,18.0,0.248,0.743,0.491,0.119,1.0,12.0,12.0,12.0,17.0,14.0,10.0,11.0,26.0,13.0,25.0,23.0,2.0,0.268,3966.0,107.5,113.8,-6.3,103.5,20.5,0.229,0.764,0.494,0.145,1.0,26.0,26.0,26.0,7.0,26.0,22.0,25.0,3.0,23.0,9.0,21.0,24.0
217.5,0,227.29878667540913,0.561,3971.0,113.8,112.9,0.9,101.1,19.9,0.245,0.784,0.508,0.128,1.0,16.0,16.0,16.0,3.0,13.0,19.0,17.0,8.0,14.0,1.0,10.0,11.0,0.39,3961.0,110.4,113.1,-2.7,99.4,18.6,0.252,0.76,0.499,0.131,1.0,22.0,22.0,22.0,10.0,23.0,20.0,22.0,19.0,8.0,16.0,18.0,14.0
222.0,0,231.9481555431621,0.622,3941.0,116.1,112.3,3.9,99.7,18.7,0.244,0.748,0.505,0.132,1.0,5.0,5.0,5.0,26.0,4.0,14.0,6.0,18.0,16.0,23.0,11.0,15.0,0.561,3971.0,113.8,112.9,0.9,101.1,19.9,0.245,0.784,0.508,0.128,1.0,16.0,16.0,16.0,3.0,13.0,19.0,17.0,8.0,14.0,1.0,10.0,11.0
212.0,0,218.95380885279405,0.256,3976.0,105.0,114.5,-9.5,100.0,16.7,0.275,0.74,0.494,0.15,1.0,27.0,27.0,27.0,2.0,29.0,23.0,29.0,30.0,3.0,27.0,22.0,29.0,0.256,3946.0,107.1,117.0,-9.9,99.4,18.4,0.211,0.745,0.47,0.138,1.0,27.0,27.0,27.0,23.0,28.0,29.0,30.0,22.0,27.0,24.0,29.0,21.0
237.5,1,240.91227582379133,0.573,3971.0,113.6,112.7,0.9,103.1,20.1,0.199,0.762,0.495,0.135,1.0,12.0,12.0,12.0,3.0,15.0,17.0,17.0,6.0,30.0,12.0,20.0,18.0,0.183,3946.0,108.3,116.8,-8.5,104.9,19.5,0.2,0.725,0.456,0.133,1.0,29.0,29.0,29.0,23.0,25.0,28.0,27.0,9.0,29.0,30.0,30.0,16.0
223.0,1,236.1958878126395,0.171,3951.0,107.2,116.0,-8.8,102.2,18.2,0.239,0.773,0.501,0.148,1.0,30.0,30.0,30.0,21.0,27.0,26.0,28.0,23.0,18.0,4.0,16.0,28.0,0.439,3971.0,114.0,116.7,-2.6,102.6,18.4,0.271,0.752,0.502,0.13,1.0,21.0,21.0,21.0,3.0,12.0,27.0,21.0,21.0,5.0,20.0,15.0,13.0
233.5,0,239.20053904866086,0.573,3941.0,117.9,115.5,2.5,104.2,21.0,0.238,0.741,0.489,0.124,1.0,12.0,12.0,12.0,26.0,2.0,24.0,13.0,1.0,20.0,26.0,24.0,6.0,0.39,3961.0,110.4,113.1,-2.7,99.4,18.6,0.252,0.76,0.499,0.131,1.0,22.0,22.0,22.0,10.0,23.0,20.0,22.0,19.0,8.0,16.0,18.0,14.0
229.0,1,231.79796995805168,0.695,3961.0,117.0,109.1,7.9,102.3,19.4,0.211,0.738,0.485,0.123,1.0,2.0,2.0,2.0,10.0,3.0,4.0,2.0,12.0,28.0,29.0,27.0,5.0,0.78,3966.0,120.2,109.0,11.2,99.5,19.3,0.249,0.763,0.517,0.119,1.0,1.0,1.0,1.0,7.0,1.0,3.0,1.0,13.0,12.0,11.0,4.0,1.0
217.5,0,225.52287673651222,0.329,3956.0,104.2,111.7,-7.5,100.7,17.9,0.238,0.748,0.483,0.148,1.0,24.0,24.0,24.0,17.0,30.0,13.0,26.0,27.0,19.0,22.0,28.0,27.0,0.598,3961.0,116.0,112.8,3.2,102.2,19.0,0.218,0.772,0.501,0.126,1.0,8.0,8.0,8.0,10.0,5.0,18.0,8.0,16.0,25.0,5.0,17.0,8.0
213.5,1,224.34258359698651,0.305,3961.0,109.8,115.8,-6.0,101.8,19.9,0.242,0.739,0.486,0.137,1.0,25.0,25.0,25.0,10.0,24.0,25.0,24.0,7.0,17.0,28.0,26.0,20.0,0.683,3961.0,113.1,106.2,6.9,99.5,19.3,0.232,0.769,0.513,0.142,1.0,4.0,4.0,4.0,10.0,16.0,1.0,3.0,14.0,22.0,8.0,7.0,23.0
208.0,1,216.2476862009537,0.573,3956.0,110.6,108.6,2.0,99.4,18.1,0.253,0.781,0.515,0.147,1.0,12.0,12.0,12.0,17.0,22.0,2.0,16.0,25.0,7.0,3.0,6.0,26.0,0.598,3941.0,115.0,110.1,5.0,100.2,19.4,0.244,0.769,0.51,0.13,1.0,8.0,8.0,8.0,26.0,8.0,7.0,4.0,10.0,15.0,6.0,9.0,12.0
226.5,0,223.2326929329978,0.585,3961.0,112.8,109.9,2.9,99.5,20.2,0.232,0.769,0.504,0.136,1.0,11.0,11.0,11.0,10.0,17.0,6.0,9.0,4.0,21.0,7.0,12.0,19.0,0.598,3956.0,114.9,111.5,3.4,100.8,19.4,0.25,0.756,0.516,0.147,1.0,8.0,8.0,8.0,17.0,9.0,12.0,7.0,11.0,11.0,17.0,5.0,25.0
227.5,0,242.03782045525793,0.439,3971.0,114.0,116.7,-2.6,102.6,18.4,0.271,0.752,0.502,0.13,1.0,21.0,21.0,21.0,3.0,12.0,27.0,21.0,21.0,5.0,20.0,15.0,13.0,0.61,3941.0,115.2,112.6,2.6,102.4,18.5,0.222,0.752,0.488,0.122,1.0,6.0,6.0,6.0,26.0,7.0,16.0,12.0,20.0,24.0,19.0,25.0,3.0
211.5,1,217.24032516073953,0.573,3956.0,113.8,111.0,2.8,100.1,18.0,0.248,0.743,0.491,0.119,1.0,12.0,12.0,12.0,17.0,14.0,10.0,11.0,26.0,13.0,25.0,23.0,2.0,0.561,3951.0,111.7,109.5,2.2,98.5,19.1,0.218,0.781,0.497,0.128,1.0,16.0,16.0,16.0,21.0,20.0,5.0,15.0,15.0,26.0,2.0,19.0,10.0
212.0,1,224.12298175175636,0.561,3971.0,113.8,112.9,0.9,101.1,19.9,0.245,0.784,0.508,0.128,1.0,16.0,16.0,16.0,3.0,13.0,19.0,17.0,8.0,14.0,1.0,10.0,11.0,0.61,3946.0,114.1,111.2,2.9,97.8,17.8,0.294,0.761,0.527,0.134,1.0,6.0,6.0,6.0,23.0,11.0,11.0,9.0,28.0,1.0,14.0,1.0,17.0
228.0,1,230.76742556661748,0.561,3966.0,114.7,112.4,2.3,101.8,20.1,0.275,0.761,0.521,0.139,1.0,16.0,16.0,16.0,7.0,10.0,15.0,14.0,5.0,4.0,13.0,2.0,22.0,0.5,3971.0,111.5,110.7,0.9,101.5,17.7,0.251,0.76,0.503,0.124,1.0,19.0,19.0,19.0,3.0,21.0,9.0,17.0,29.0,10.0,15.0,13.0,7.0
220.5,0,225.98627346901537,0.695,3941.0,115.6,110.5,5.0,99.1,20.9,0.255,0.755,0.512,0.127,1.0,2.0,2.0,2.0,26.0,6.0,8.0,4.0,2.0,6.0,18.0,8.0,9.0,0.622,3941.0,116.1,112.3,3.9,99.7,18.7,0.244,0.748,0.505,0.132,1.0,5.0,5.0,5.0,26.0,4.0,14.0,6.0,18.0,16.0,23.0,11.0,15.0
207.0,1,214.9630886101437,0.573,3956.0,110.6,108.6,2.0,99.4,18.1,0.253,0.781,0.515,0.147,1.0,12.0,12.0,12.0,17.0,22.0,2.0,16.0,25.0,7.0,3.0,6.0,26.0,0.256,3946.0,107.1,117.0,-9.9,99.4,18.4,0.211,0.745,0.47,0.138,1.0,27.0,27.0,27.0,23.0,28.0,29.0,30.0,22.0,27.0,24.0,29.0,21.0
234.5,1,244.61200653859112,0.695,3961.0,117.0,109.1,7.9,102.3,19.4,0.211,0.738,0.485,0.123,1.0,2.0,2.0,2.0,10.0,3.0,4.0,2.0,12.0,28.0,29.0,27.0,5.0,0.573,3941.0,117.9,115.5,2.5,104.2,21.0,0.238,0.741,0.489,0.124,1.0,12.0,12.0,12.0,26.0,2.0,24.0,13.0,1.0,20.0,26.0,24.0,6.0
225.0,0,229.7032132212081,0.256,3976.0,105.0,114.5,-9.5,100.0,16.7,0.275,0.74,0.494,0.15,1.0,27.0,27.0,27.0,2.0,29.0,23.0,29.0,30.0,3.0,27.0,22.0,29.0,0.183,3946.0,108.3,116.8,-8.5,104.9,19.5,0.2,0.725,0.456,0.133,1.0,29.0,29.0,29.0,23.0,25.0,28.0,27.0,9.0,29.0,30.0,30.0,16.0
226.0,0,230.57708839607528,0.561,3971.0,113.8,112.9,0.9,101.1,19.9,0.245,0.784,0.508,0.128,1.0,16.0,16.0,16.0,3.0,13.0,19.0,17.0,8.0,14.0,1.0,10.0,11.0,0.78,3966.0,120.2,109.0,11.2,99.5,19.3,0.249,0.763,0.517,0.119,1.0,1.0,1.0,1.0,7.0,1.0,3.0,1.0,13.0,12.0,11.0,4.0,1.0
211.5,0,220.23296675146514,0.61,3946.0,114.1,111.2,2.9,97.8,17.8,0.294,0.761,0.527,0.134,1.0,6.0,6.0,6.0,23.0,11.0,11.0,9.0,28.0,1.0,14.0,1.0,17.0,0.476,3996.0,112.4,113.2,-0.8,98.6,18.2,0.251,0.764,0.502,0.123,1.0,20.0,20.0,20.0,1.0,18.0,21.0,20.0,24.0,9.0,10.0,14.0,4.0
217.5,1,216.92610776541653,0.561,3951.0,111.7,109.5,2.2,98.5,19.1,0.218,0.781,0.497,0.128,1.0,16.0,16.0,16.0,21.0,20.0,5.0,15.0,15.0,26.0,2.0,19.0,10.0,0.5,3971.0,111.5,110.7,0.9,101.5,17.7,0.251,0.76,0.503,0.124,1.0,19.0,19.0,19.0,3.0,21.0,9.0,17.0,29.0,10.0,15.0,13.0,7.0
228.0,1,235.8053469653072,0.268,3966.0,107.5,113.8,-6.3,103.5,20.5,0.229,0.764,0.494,0.145,1.0,26.0,26.0,26.0,7.0,26.0,22.0,25.0,3.0,23.0,9.0,21.0,24.0,0.378,3961.0,112.0,117.7,-5.8,102.2,18.9,0.281,0.752,0.518,0.152,1.0,23.0,23.0,23.0,10.0,19.0,30.0,23.0,17.0,2.0,21.0,3.0,30.0
229.5,0,226.30350052134952,0.598,3956.0,114.9,111.5,3.4,100.8,19.4,0.25,0.756,0.516,0.147,1.0,8.0,8.0,8.0,17.0,9.0,12.0,7.0,11.0,11.0,17.0,5.0,25.0,0.695,3941.0,115.6,110.5,5.0,99.1,20.9,0.255,0.755,0.512,0.127,1.0,2.0,2.0,2.0,26.0,6.0,8.0,4.0,2.0,6.0,18.0,8.0,9.0
228.5,1,237.138313299046,0.78,3966.0,120.2,109.0,11.2,99.5,19.3,0.249,0.763,0.517,0.119,1.0,1.0,1.0,1.0,7.0,1.0,3.0,1.0,13.0,12.0,11.0,4.0,1.0,0.439,3971.0,114.0,116.7,-2.6,102.6,18.4,0.271,0.752,0.502,0.13,1.0,21.0,21.0,21.0,3.0,12.0,27.0,21.0,21.0,5.0,20.0,15.0,13.0
226.0,0,231.57891874790766,0.598,3961.0,116.0,112.8,3.2,102.2,19.0,0.218,0.772,0.501,0.126,1.0,8.0,8.0,8.0,10.0,5.0,18.0,8.0,16.0,25.0,5.0,17.0,8.0,0.598,3941.0,115.0,110.1,5.0,100.2,19.4,0.244,0.769,0.51,0.13,1.0,8.0,8.0,8.0,26.0,8.0,7.0,4.0,10.0,15.0,6.0,9.0,12.0
219.0,0,228.9568913107023,0.561,3966.0,114.7,112.4,2.3,101.8,20.1,0.275,0.761,0.521,0.139,1.0,16.0,16.0,16.0,7.0,10.0,15.0,14.0,5.0,4.0,13.0,2.0,22.0,0.256,3946.0,107.1,117.0,-9.9,99.4,18.4,0.211,0.745,0.47,0.138,1.0,27.0,27.0,27.0,23.0,28.0,29.0,30.0,22.0,27.0,24.0,29.0,21.0
244.5,0,246.55146161595326,0.573,3971.0,113.6,112.7,0.9,103.1,20.1,0.199,0.762,0.495,0.135,1.0,12.0,12.0,12.0,3.0,15.0,17.0,17.0,6.0,30.0,12.0,20.0,18.0,0.573,3941.0,117.9,115.5,2.5,104.2,21.0,0.238,0.741,0.489,0.124,1.0,12.0,12.0,12.0,26.0,2.0,24.0,13.0,1.0,20.0,26.0,24.0,6.0
212.0,0,219.58039268765367,0.622,3941.0,116.1,112.3,3.9,99.7,18.7,0.244,0.748,0.505,0.132,1.0,5.0,5.0,5.0,26.0,4.0,14.0,6.0,18.0,16.0,23.0,11.0,15.0,0.573,3956.0,110.6,108.6,2.0,99.4,18.1,0.253,0.781,0.515,0.147,1.0,12.0,12.0,12.0,17.0,22.0,2.0,16.0,25.0,7.0,3.0,6.0,26.0
229.5,0,235.24887706331197,0.171,3951.0,107.2,116.0,-8.8,102.2,18.2,0.239,0.773,0.501,0.148,1.0,30.0,30.0,30.0,21.0,27.0,26.0,28.0,23.0,18.0,4.0,16.0,28.0,0.183,3946.0,108.3,116.8,-8.5,104.9,19.5,0.2,0.725,0.456,0.133,1.0,29.0,29.0,29.0,23.0,25.0,28.0,27.0,9.0,29.0,30.0,30.0,16.0
215.0,1,221.8439042067937,0.476,3996.0,112.4,113.2,-0.8,98.6,18.2,0.251,0.764,0.502,0.123,1.0,20.0,20.0,20.0,1.0,18.0,21.0,20.0,24.0,9.0,10.0,14.0,4.0,0.39,3961.0,110.4,113.1,-2.7,99.4,18.6,0.252,0.76,0.499,0.131,1.0,22.0,22.0,22.0,10.0,23.0,20.0,22.0,19.0,8.0,16.0,18.0,14.0
212.0,1,220.54807162963925,0.573,3956.0,113.8,111.0,2.8,100.1,18.0,0.248,0.743,0.491,0.119,1.0,12.0,12.0,12.0,17.0,14.0,10.0,11.0,26.0,13.0,25.0,23.0,2.0,0.585,3961.0,112.8,109.9,2.9,99.5,20.2,0.232,0.769,0.504,0.136,1.0,11.0,11.0,11.0,10.0,17.0,6.0,9.0,4.0,21.0,7.0,12.0,19.0
208.5,1,213.76372691797155,0.256,3976.0,105.0,114.5,-9.5,100.0,16.7,0.275,0.74,0.494,0.15,1.0,27.0,27.0,27.0,2.0,29.0,23.0,29.0,30.0,3.0,27.0,22.0,29.0,0.561,3951.0,111.7,109.5,2.2,98.5,19.1,0.218,0.781,0.497,0.128,1.0,16.0,16.0,16.0,21.0,20.0,5.0,15.0,15.0,26.0,2.0,19.0,10.0
228.0,1,232.85811659844148,0.598,3956.0,114.9,111.5,3.4,100.8,19.4,0.25,0.756,0.516,0.147,1.0,8.0,8.0,8.0,17.0,9.0,12.0,7.0,11.0,11.0,17.0,5.0,25.0,0.695,3961.0,117.0,109.1,7.9,102.3,19.4,0.211,0.738,0.485,0.123,1.0,2.0,2.0,2.0,10.0,3.0,4.0,2.0,12.0,28.0,29.0,27.0,5.0
214.0,1,224.99930227330947,0.61,3946.0,114.1,111.2,2.9,97.8,17.8,0.294,0.761,0.527,0.134,1.0,6.0,6.0,6.0,23.0,11.0,11.0,9.0,28.0,1.0,14.0,1.0,17.0,0.268,3966.0,107.5,113.8,-6.3,103.5,20.5,0.229,0.764,0.494,0.145,1.0,26.0,26.0,26.0,7.0,26.0,22.0,25.0,3.0,23.0,9.0,21.0,24.0
210.0,0,217.34054246133132,0.683,3961.0,113.1,106.2,6.9,99.5,19.3,0.232,0.769,0.513,0.142,1.0,4.0,4.0,4.0,10.0,16.0,1.0,3.0,14.0,22.0,8.0,7.0,23.0,0.695,3941.0,115.6,110.5,5.0,99.1,20.9,0.255,0.755,0.512,0.127,1.0,2.0,2.0,2.0,26.0,6.0,8.0,4.0,2.0,6.0,18.0,8.0,9.0
230.0,0,231.56193805775604,0.5,3971.0,111.5,110.7,0.9,101.5,17.7,0.251,0.76,0.503,0.124,1.0,19.0,19.0,19.0,3.0,21.0,9.0,17.0,29.0,10.0,15.0,13.0,7.0,0.378,3961.0,112.0,117.7,-5.8,102.2,18.9,0.281,0.752,0.518,0.152,1.0,23.0,23.0,23.0,10.0,19.0,30.0,23.0,17.0,2.0,21.0,3.0,30.0
232.5,0,235.7953047387947,0.61,3941.0,115.2,112.6,2.6,102.4,18.5,0.222,0.752,0.488,0.122,1.0,6.0,6.0,6.0,26.0,7.0,16.0,12.0,20.0,24.0,19.0,25.0,3.0,0.561,3971.0,113.8,112.9,0.9,101.1,19.9,0.245,0.784,0.508,0.128,1.0,16.0,16.0,16.0,3.0,13.0,19.0,17.0,8.0,14.0,1.0,10.0,11.0
223.5,0,226.7264957721145,0.78,3966.0,120.2,109.0,11.2,99.5,19.3,0.249,0.763,0.517,0.119,1.0,1.0,1.0,1.0,7.0,1.0,3.0,1.0,13.0,12.0,11.0,4.0,1.0,0.598,3941.0,115.0,110.1,5.0,100.2,19.4,0.244,0.769,0.51,0.13,1.0,8.0,8.0,8.0,26.0,8.0,7.0,4.0,10.0,15.0,6.0,9.0,12.0
209.0,0,209.6032903460531,0.329,3956.0,104.2,111.7,-7.5,100.7,17.9,0.238,0.748,0.483,0.148,1.0,24.0,24.0,24.0,17.0,30.0,13.0,26.0,27.0,19.0,22.0,28.0,27.0,0.573,3956.0,110.6,108.6,2.0,99.4,18.1,0.253,0.781,0.515,0.147,1.0,12.0,12.0,12.0,17.0,22.0,2.0,16.0,25.0,7.0,3.0,6.0,26.0
222.5,1,241.99073627483915,0.598,3961.0,116.0,112.8,3.2,102.2,19.0,0.218,0.772,0.501,0.126,1.0,8.0,8.0,8.0,10.0,5.0,18.0,8.0,16.0,25.0,5.0,17.0,8.0,0.439,3971.0,114.0,116.7,-2.6,102.6,18.4,0.271,0.752,0.502,0.13,1.0,21.0,21.0,21.0,3.0,12.0,27.0,21.0,21.0,5.0,20.0,15.0,13.0
218.0,1,219.8701912303427,0.585,3961.0,112.8,109.9,2.9,99.5,20.2,0.232,0.769,0.504,0.136,1.0,11.0,11.0,11.0,10.0,17.0,6.0,9.0,4.0,21.0,7.0,12.0,19.0,0.695,3941.0,115.6,110.5,5.0,99.1,20.9,0.255,0.755,0.512,0.127,1.0,2.0,2.0,2.0,26.0,6.0,8.0,4.0,2.0,6.0,18.0,8.0,9.0
224.5,0,230.45912331474779,0.573,3971.0,113.6,112.7,0.9,103.1,20.1,0.199,0.762,0.495,0.135,1.0,12.0,12.0,12.0,3.0,15.0,17.0,17.0,6.0,30.0,12.0,20.0,18.0,0.39,3961.0,110.4,113.1,-2.7,99.4,18.6,0.252,0.76,0.499,0.131,1.0,22.0,22.0,22.0,10.0,23.0,20.0,22.0,19.0,8.0,16.0,18.0,14.0
216.5,1,225.47986365884185,0.622,3941.0,116.1,112.3,3.9,99.7,18.7,0.244,0.748,0.505,0.132,1.0,5.0,5.0,5.0,26.0,4.0,14.0,6.0,18.0,16.0,23.0,11.0,15.0,0.256,3946.0,107.1,117.0,-9.9,99.4,18.4,0.211,0.745,0.47,0.138,1.0,27.0,27.0,27.0,23.0,28.0,29.0,30.0,22.0,27.0,24.0,29.0,21.0
214.0,1,228.1495390271665,0.573,3956.0,113.8,111.0,2.8,100.1,18.0,0.248,0.743,0.491,0.119,1.0,12.0,12.0,12.0,17.0,14.0,10.0,11.0,26.0,13.0,25.0,23.0,2.0,0.305,3961.0,109.8,115.8,-6.0,101.8,19.9,0.242,0.739,0.486,0.137,1.0,25.0,25.0,25.0,10.0,24.0,25.0,24.0,7.0,17.0,28.0,26.0,20.0
214.0,1,225.86497787791552,0.561,3951.0,111.7,109.5,2.2,98.5,19.1,0.218,0.781,0.497,0.128,1.0,16.0,16.0,16.0,21.0,20.0,5.0,15.0,15.0,26.0,2.0,19.0,10.0,0.183,3946.0,108.3,116.8,-8.5,104.9,19.5,0.2,0.725,0.456,0.133,1.0,29.0,29.0,29.0,23.0,25.0,28.0,27.0,9.0,29.0,30.0,30.0,16.0
229.0,1,231.13754711038973,0.61,3941.0,115.2,112.6,2.6,102.4,18.5,0.222,0.752,0.488,0.122,1.0,6.0,6.0,6.0,26.0,7.0,16.0,12.0,20.0,24.0,19.0,25.0,3.0,0.5,3971.0,111.5,110.7,0.9,101.5,17.7,0.251,0.76,0.503,0.124,1.0,19.0,19.0,19.0,3.0,21.0,9.0,17.0,29.0,10.0,15.0,13.0,7.0
212.0,0,218.11816381716687,0.476,3996.0,112.4,113.2,-0.8,98.6,18.2,0.251,0.764,0.502,0.123,1.0,20.0,20.0,20.0,1.0,18.0,21.0,20.0,24.0,9.0,10.0,14.0,4.0,0.683,3961.0,113.1,106.2,6.9,99.5,19.3,0.232,0.769,0.513,0.142,1.0,4.0,4.0,4.0,10.0,16.0,1.0,3.0,14.0,22.0,8.0,7.0,23.0
218.5,1,225.34386331373275,0.695,3961.0,117.0,109.1,7.9,102.3,19.4,0.211,0.738,0.485,0.123,1.0,2.0,2.0,2.0,10.0,3.0,4.0,2.0,12.0,28.0,29.0,27.0,5.0,0.61,3946.0,114.1,111.2,2.9,97.8,17.8,0.294,0.761,0.527,0.134,1.0,6.0,6.0,6.0,23.0,11.0,11.0,9.0,28.0,1.0,14.0,1.0,17.0
228.0,1,235.27532140819267,0.561,3966.0,114.7,112.4,2.3,101.8,20.1,0.275,0.761,0.521,0.139,1.0,16.0,16.0,16.0,7.0,10.0,15.0,14.0,5.0,4.0,13.0,2.0,22.0,0.268,3966.0,107.5,113.8,-6.3,103.5,20.5,0.229,0.764,0.494,0.145,1.0,26.0,26.0,26.0,7.0,26.0,22.0,25.0,3.0,23.0,9.0,21.0,24.0
220.5,1,238.57997276733033,0.378,3961.0,112.0,117.7,-5.8,102.2,18.9,0.281,0.752,0.518,0.152,1.0,23.0,23.0,23.0,10.0,19.0,30.0,23.0,17.0,2.0,21.0,3.0,30.0,0.561,3971.0,113.8,112.9,0.9,101.1,19.9,0.245,0.784,0.508,0.128,1.0,16.0,16.0,16.0,3.0,13.0,19.0,17.0,8.0,14.0,1.0,10.0,11.0
219.5,1,225.4418981813044,0.78,3966.0,120.2,109.0,11.2,99.5,19.3,0.249,0.763,0.517,0.119,1.0,1.0,1.0,1.0,7.0,1.0,3.0,1.0,13.0,12.0,11.0,4.0,1.0,0.256,3946.0,107.1,117.0,-9.9,99.4,18.4,0.211,0.745,0.47,0.138,1.0,27.0,27.0,27.0,23.0,28.0,29.0,30.0,22.0,27.0,24.0,29.0,21.0
216.0,1,219.43912282903057,0.329,3956.0,104.2,111.7,-7.5,100.7,17.9,0.238,0.748,0.483,0.148,1.0,24.0,24.0,24.0,17.0,30.0,13.0,26.0,27.0,19.0,22.0,28.0,27.0,0.171,3951.0,107.2,116.0,-8.8,102.2,18.2,0.239,0.773,0.501,0.148,1.0,30.0,30.0,30.0,21.0,27.0,26.0,28.0,23.0,18.0,4.0,16.0,28.0
227.5,1,237.43590798509854,0.39,3961.0,110.4,113.1,-2.7,99.4,18.6,0.252,0.76,0.499,0.131,1.0,22.0,22.0,22.0,10.0,23.0,20.0,22.0,19.0,8.0,16.0,18.0,14.0,0.573,3941.0,117.9,115.5,2.5,104.2,21.0,0.238,0.741,0.489,0.124,1.0,12.0,12.0,12.0,26.0,2.0,24.0,13.0,1.0,20.0,26.0,24.0,6.0
210.5,0,213.05433788160576,0.256,3976.0,105.0,114.5,-9.5,100.0,16.7,0.275,0.74,0.494,0.15,1.0,27.0,27.0,27.0,2.0,29.0,23.0,29.0,30.0,3.0,27.0,22.0,29.0,0.573,3956.0,110.6,108.6,2.0,99.4,18.1,0.253,0.781,0.515,0.147,1.0,12.0,12.0,12.0,17.0,22.0,2.0,16.0,25.0,7.0,3.0,6.0,26.0
221.0,0,235.04341931734268,0.439,3971.0,114.0,116.7,-2.6,102.6,18.4,0.271,0.752,0.502,0.13,1.0,21.0,21.0,21.0,3.0,12.0,27.0,21.0,21.0,5.0,20.0,15.0,13.0,0.476,3996.0,112.4,113.2,-0.8,98.6,18.2,0.251,0.764,0.502,0.123,1.0,20.0,20.0,20.0,1.0,18.0,21.0,20.0,24.0,9.0,10.0,14.0,4.0
222.0,1,227.2246465167667,0.598,3956.0,114.9,111.5,3.4,100.8,19.4,0.25,0.756,0.516,0.147,1.0,8.0,8.0,8.0,17.0,9.0,12.0,7.0,11.0,11.0,17.0,5.0,25.0,0.598,3941.0,115.0,110.1,5.0,100.2,19.4,0.244,0.769,0.51,0.13,1.0,8.0,8.0,8.0,26.0,8.0,7.0,4.0,10.0,15.0,6.0,9.0,12.0
236.5,1,235.88200338698175,0.573,3971.0,113.6,112.7,0.9,103.1,20.1,0.199,0.762,0.495,0.135,1.0,12.0,12.0,12.0,3.0,15.0,17.0,17.0,6.0,30.0,12.0,20.0,18.0,0.305,3961.0,109.8,115.8,-6.0,101.8,19.9,0.242,0.739,0.486,0.137,1.0,25.0,25.0,25.0,10.0,24.0,25.0,24.0,7.0,17.0,28.0,26.0,20.0
226.0,1,241.04372552551172,0.598,3961.0,116.0,112.8,3.2,102.2,19.0,0.218,0.772,0.501,0.126,1.0,8.0,8.0,8.0,10.0,5.0,18.0,8.0,16.0,25.0,5.0,17.0,8.0,0.183,3946.0,108.3,116.8,-8.5,104.9,19.5,0.2,0.725,0.456,0.133,1.0,29.0,29.0,29.0,23.0,25.0,28.0,27.0,9.0,29.0,30.0,30.0,16.0
205.5,1,213.4907902409966,0.61,3946.0,114.1,111.2,2.9,97.8,17.8,0.294,0.761,0.527,0.134,1.0,6.0,6.0,6.0,23.0,11.0,11.0,9.0,28.0,1.0,14.0,1.0,17.0,0.561,3951.0,111.7,109.5,2.2,98.5,19.1,0.218,0.781,0.497,0.128,1.0,16.0,16.0,16.0,21.0,20.0,5.0,15.0,15.0,26.0,2.0,19.0,10.0
219.5,0,229.61354863945417,0.695,3961.0,117.0,109.1,7.9,102.3,19.4,0.211,0.738,0.485,0.123,1.0,2.0,2.0,2.0,10.0,3.0,4.0,2.0,12.0,28.0,29.0,27.0,5.0,0.573,3956.0,113.8,111.0,2.8,100.1,18.0,0.248,0.743,0.491,0.119,1.0,12.0,12.0,12.0,17.0,14.0,10.0,11.0,26.0,13.0,25.0,23.0,2.0
214.5,1,219.05516134381048,0.5,3971.0,111.5,110.7,0.9,101.5,17.7,0.251,0.76,0.503,0.124,1.0,19.0,19.0,19.0,3.0,21.0,9.0,17.0,29.0,10.0,15.0,13.0,7.0,0.683,3961.0,113.1,106.2,6.9,99.5,19.3,0.232,0.769,0.513,0.142,1.0,4.0,4.0,4.0,10.0,16.0,1.0,3.0,14.0,22.0,8.0,7.0,23.0
223.5,0,227.09151037701088,0.268,3966.0,107.5,113.8,-6.3,103.5,20.5,0.229,0.764,0.494,0.145,1.0,26.0,26.0,26.0,7.0,26.0,22.0,25.0,3.0,23.0,9.0,21.0,24.0,0.695,3941.0,115.6,110.5,5.0,99.1,20.9,0.255,0.755,0.512,0.127,1.0,2.0,2.0,2.0,26.0,6.0,8.0,4.0,2.0,6.0,18.0,8.0,9.0
218.0,1,228.58402781863902,0.585,3961.0,112.8,109.9,2.9,99.5,20.2,0.232,0.769,0.504,0.136,1.0,11.0,11.0,11.0,10.0,17.0,6.0,9.0,4.0,21.0,7.0,12.0,19.0,0.378,3961.0,112.0,117.7,-5.8,102.2,18.9,0.281,0.752,0.518,0.152,1.0,23.0,23.0,23.0,10.0,19.0,30.0,23.0,17.0,2.0,21.0,3.0,30.0
242.0,0,245.66228052532324,0.573,3941.0,117.9,115.5,2.5,104.2,21.0,0.238,0.741,0.489,0.124,1.0,12.0,12.0,12.0,26.0,2.0,24.0,13.0,1.0,20.0,26.0,24.0,6.0,0.561,3966.0,114.7,112.4,2.3,101.8,20.1,0.275,0.761,0.521,0.139,1.0,16.0,16.0,16.0,7.0,10.0,15.0,14.0,5.0,4.0,13.0,2.0,22.0
216.0,1,224.00227411092578,0.622,3941.0,116.1,112.3,3.9,99.7,18.7,0.244,0.748,0.505,0.132,1.0,5.0,5.0,5.0,26.0,4.0,14.0,6.0,18.0,16.0,23.0,11.0,15.0,0.256,3976.0,105.0,114.5,-9.5,100.0,16.7,0.275,0.74,0.494,0.15,1.0,27.0,27.0,27.0,2.0,29.0,23.0,29.0,30.0,3.0,27.0,22.0,29.0
227.5,0,231.4437912537885,0.573,3956.0,113.8,111.0,2.8,100.1,18.0,0.248,0.743,0.491,0.119,1.0,12.0,12.0,12.0,17.0,14.0,10.0,11.0,26.0,13.0,25.0,23.0,2.0,0.573,3971.0,113.6,112.7,0.9,103.1,20.1,0.199,0.762,0.495,0.135,1.0,12.0,12.0,12.0,3.0,15.0,17.0,17.0,6.0,30.0,12.0,20.0,18.0
204.5,0,218.1677647602403,0.39,3961.0,110.4,113.1,-2.7,99.4,18.6,0.252,0.76,0.499,0.131,1.0,22.0,22.0,22.0,10.0,23.0,20.0,22.0,19.0,8.0,16.0,18.0,14.0,0.61,3946.0,114.1,111.2,2.9,97.8,17.8,0.294,0.761,0.527,0.134,1.0,6.0,6.0,6.0,23.0,11.0,11.0,9.0,28.0,1.0,14.0,1.0,17.0
219.0,0,221.10306384485045,0.561,3971.0,113.8,112.9,0.9,101.1,19.9,0.245,0.784,0.508,0.128,1.0,16.0,16.0,16.0,3.0,13.0,19.0,17.0,8.0,14.0,1.0,10.0,11.0,0.573,3956.0,110.6,108.6,2.0,99.4,18.1,0.253,0.781,0.515,0.147,1.0,12.0,12.0,12.0,17.0,22.0,2.0,16.0,25.0,7.0,3.0,6.0,26.0
212.0,1,232.75108977100626,0.256,3946.0,107.1,117.0,-9.9,99.4,18.4,0.211,0.745,0.47,0.138,1.0,27.0,27.0,27.0,23.0,28.0,29.0,30.0,22.0,27.0,24.0,29.0,21.0,0.439,3971.0,114.0,116.7,-2.6,102.6,18.4,0.271,0.752,0.502,0.13,1.0,21.0,21.0,21.0,3.0,12.0,27.0,21.0,21.0,5.0,20.0,15.0,13.0
219.5,1,226.99399275695055,0.78,3966.0,120.2,109.0,11.2,99.5,19.3,0.249,0.763,0.517,0.119,1.0,1.0,1.0,1.0,7.0,1.0,3.0,1.0,13.0,12.0,11.0,4.0,1.0,0.476,3996.0,112.4,113.2,-0.8,98.6,18.2,0.251,0.764,0.502,0.123,1.0,20.0,20.0,20.0,1.0,18.0,21.0,20.0,24.0,9.0,10.0,14.0,4.0
228.0,1,233.92221513892537,0.378,3961.0,112.0,117.7,-5.8,102.2,18.9,0.281,0.752,0.518,0.152,1.0,23.0,23.0,23.0,10.0,19.0,30.0,23.0,17.0,2.0,21.0,3.0,30.0,0.5,3971.0,111.5,110.7,0.9,101.5,17.7,0.251,0.76,0.503,0.124,1.0,19.0,19.0,19.0,3.0,21.0,9.0,17.0,29.0,10.0,15.0,13.0,7.0
231.5,1,232.25847902344708,0.598,3956.0,114.9,111.5,3.4,100.8,19.4,0.25,0.756,0.516,0.147,1.0,8.0,8.0,8.0,17.0,9.0,12.0,7.0,11.0,11.0,17.0,5.0,25.0,0.268,3966.0,107.5,113.8,-6.3,103.5,20.5,0.229,0.764,0.494,0.145,1.0,26.0,26.0,26.0,7.0,26.0,22.0,25.0,3.0,23.0,9.0,21.0,24.0
232.5,0,238.521476495657,0.305,3961.0,109.8,115.8,-6.0,101.8,19.9,0.242,0.739,0.486,0.137,1.0,25.0,25.0,25.0,10.0,24.0,25.0,24.0,7.0,17.0,28.0,26.0,20.0,0.183,3946.0,108.3,116.8,-8.5,104.9,19.5,0.2,0.725,0.456,0.133,1.0,29.0,29.0,29.0,23.0,25.0,28.0,27.0,9.0,29.0,30.0,30.0,16.0
210.0,1,221.0184815307506,0.695,3941.0,115.6,110.5,5.0,99.1,20.9,0.255,0.755,0.512,0.127,1.0,2.0,2.0,2.0,26.0,6.0,8.0,4.0,2.0,6.0,18.0,8.0,9.0,0.256,3976.0,105.0,114.5,-9.5,100.0,16.7,0.275,0.74,0.494,0.15,1.0,27.0,27.0,27.0,2.0,29.0,23.0,29.0,30.0,3.0,27.0,22.0,29.0
218.5,0,226.44426817132364,0.598,3941.0,115.0,110.1,5.0,100.2,19.4,0.244,0.769,0.51,0.13,1.0,8.0,8.0,8.0,26.0,8.0,7.0,4.0,10.0,15.0,6.0,9.0,12.0,0.171,3951.0,107.2,116.0,-8.8,102.2,18.2,0.239,0.773,0.501,0.148,1.0,30.0,30.0,30.0,21.0,27.0,26.0,28.0,23.0,18.0,4.0,16.0,28.0
215.5,1,225.92060948591063,0.573,3956.0,113.8,111.0,2.8,100.1,18.0,0.248,0.743,0.491,0.119,1.0,12.0,12.0,12.0,17.0,14.0,10.0,11.0,26.0,13.0,25.0,23.0,2.0,0.622,3941.0,116.1,112.3,3.9,99.7,18.7,0.244,0.748,0.505,0.132,1.0,5.0,5.0,5.0,26.0,4.0,14.0,6.0,18.0,16.0,23.0,11.0,15.0
202.5,1,214.31665770012728,0.585,3961.0,112.8,109.9,2.9,99.5,20.2,0.232,0.769,0.504,0.136,1.0,11.0,11.0,11.0,10.0,17.0,6.0,9.0,4.0,21.0,7.0,12.0,19.0,0.561,3951.0,111.7,109.5,2.2,98.5,19.1,0.218,0.781,0.497,0.128,1.0,16.0,16.0,16.0,21.0,20.0,5.0,15.0,15.0,26.0,2.0,19.0,10.0
233.5,0,238.24353179728587,0.695,3961.0,117.0,109.1,7.9,102.3,19.4,0.211,0.738,0.485,0.123,1.0,2.0,2.0,2.0,10.0,3.0,4.0,2.0,12.0,28.0,29.0,27.0,5.0,0.598,3961.0,116.0,112.8,3.2,102.2,19.0,0.218,0.772,0.501,0.126,1.0,8.0,8.0,8.0,10.0,5.0,18.0,8.0,16.0,25.0,5.0,17.0,8.0
219.5,1,225.52740278044598,0.561,3966.0,114.7,112.4,2.3,101.8,20.1,0.275,0.761,0.521,0.139,1.0,16.0,16.0,16.0,7.0,10.0,15.0,14.0,5.0,4.0,13.0,2.0,22.0,0.683,3961.0,113.1,106.2,6.9,99.5,19.3,0.232,0.769,0.513,0.142,1.0,4.0,4.0,4.0,10.0,16.0,1.0,3.0,14.0,22.0,8.0,7.0,23.0
240.0,1,247.91767134751717,0.573,3941.0,117.9,115.5,2.5,104.2,21.0,0.238,0.741,0.489,0.124,1.0,12.0,12.0,12.0,26.0,2.0,24.0,13.0,1.0,20.0,26.0,24.0,6.0,0.573,3971.0,113.6,112.7,0.9,103.1,20.1,0.199,0.762,0.495,0.135,1.0,12.0,12.0,12.0,3.0,15.0,17.0,17.0,6.0,30.0,12.0,20.0,18.0
206.0,1,219.1723391873419,0.256,3946.0,107.1,117.0,-9.9,99.4,18.4,0.211,0.745,0.47,0.138,1.0,27.0,27.0,27.0,23.0,28.0,29.0,30.0,22.0,27.0,24.0,29.0,21.0,0.585,3961.0,112.8,109.9,2.9,99.5,20.2,0.232,0.769,0.504,0.136,1.0,11.0,11.0,11.0,10.0,17.0,6.0,9.0,4.0,21.0,7.0,12.0,19.0
225.0,1,237.138313299046,0.78,3966.0,120.2,109.0,11.2,99.5,19.3,0.249,0.763,0.517,0.119,1.0,1.0,1.0,1.0,7.0,1.0,3.0,1.0,13.0,12.0,11.0,4.0,1.0,0.439,3971.0,114.0,116.7,-2.6,102.6,18.4,0.271,0.752,0.502,0.13,1.0,21.0,21.0,21.0,3.0,12.0,27.0,21.0,21.0,5.0,20.0,15.0,13.0
211.5,1,221.61991963061553,0.171,3951.0,107.2,116.0,-8.8,102.2,18.2,0.239,0.773,0.501,0.148,1.0,30.0,30.0,30.0,21.0,27.0,26.0,28.0,23.0,18.0,4.0,16.0,28.0,0.61,3946.0,114.1,111.2,2.9,97.8,17.8,0.294,0.761,0.527,0.134,1.0,6.0,6.0,6.0,23.0,11.0,11.0,9.0,28.0,1.0,14.0,1.0,17.0
217.5,0,226.76644975612714,0.39,3961.0,110.4,113.1,-2.7,99.4,18.6,0.252,0.76,0.499,0.131,1.0,22.0,22.0,22.0,10.0,23.0,20.0,22.0,19.0,8.0,16.0,18.0,14.0,0.305,3961.0,109.8,115.8,-6.0,101.8,19.9,0.242,0.739,0.486,0.137,1.0,25.0,25.0,25.0,10.0,24.0,25.0,24.0,7.0,17.0,28.0,26.0,20.0
218.0,1,225.990475024165,0.683,3961.0,113.1,106.2,6.9,99.5,19.3,0.232,0.769,0.513,0.142,1.0,4.0,4.0,4.0,10.0,16.0,1.0,3.0,14.0,22.0,8.0,7.0,23.0,0.573,3971.0,113.6,112.7,0.9,103.1,20.1,0.199,0.762,0.495,0.135,1.0,12.0,12.0,12.0,3.0,15.0,17.0,17.0,6.0,30.0,12.0,20.0,18.0
224.0,1,229.32701285447456,0.61,3941.0,115.2,112.6,2.6,102.4,18.5,0.222,0.752,0.488,0.122,1.0,6.0,6.0,6.0,26.0,7.0,16.0,12.0,20.0,24.0,19.0,25.0,3.0,0.256,3946.0,107.1,117.0,-9.9,99.4,18.4,0.211,0.745,0.47,0.138,1.0,27.0,27.0,27.0,23.0,28.0,29.0,30.0,22.0,27.0,24.0,29.0,21.0
220.5,1,225.88960495633705,0.171,3951.0,107.2,116.0,-8.8,102.2,18.2,0.239,0.773,0.501,0.148,1.0,30.0,30.0,30.0,21.0,27.0,26.0,28.0,23.0,18.0,4.0,16.0,28.0,0.573,3956.0,113.8,111.0,2.8,100.1,18.0,0.248,0.743,0.491,0.119,1.0,12.0,12.0,12.0,17.0,14.0,10.0,11.0,26.0,13.0,25.0,23.0,2.0
240.5,1,244.62341912089505,0.573,3941.0,117.9,115.5,2.5,104.2,21.0,0.238,0.741,0.489,0.124,1.0,12.0,12.0,12.0,26.0,2.0,24.0,13.0,1.0,20.0,26.0,24.0,6.0,0.305,3961.0,109.8,115.8,-6.0,101.8,19.9,0.242,0.739,0.486,0.137,1.0,25.0,25.0,25.0,10.0,24.0,25.0,24.0,7.0,17.0,28.0,26.0,20.0
217.5,1,226.81198862724295,0.561,3951.0,111.7,109.5,2.2,98.5,19.1,0.218,0.781,0.497,0.128,1.0,16.0,16.0,16.0,21.0,20.0,5.0,15.0,15.0,26.0,2.0,19.0,10.0,0.439,3971.0,114.0,116.7,-2.6,102.6,18.4,0.271,0.752,0.502,0.13,1.0,21.0,21.0,21.0,3.0,12.0,27.0,21.0,21.0,5.0,20.0,15.0,13.0
230.5,0,235.46201360057523,0.78,3966.0,120.2,109.0,11.2,99.5,19.3,0.249,0.763,0.517,0.119,1.0,1.0,1.0,1.0,7.0,1.0,3.0,1.0,13.0,12.0,11.0,4.0,1.0,0.598,3961.0,116.0,112.8,3.2,102.2,19.0,0.218,0.772,0.501,0.126,1.0,8.0,8.0,8.0,10.0,5.0,18.0,8.0,16.0,25.0,5.0,17.0,8.0
212.5,1,220.23296675146514,0.61,3946.0,114.1,111.2,2.9,97.8,17.8,0.294,0.761,0.527,0.134,1.0,6.0,6.0,6.0,23.0,11.0,11.0,9.0,28.0,1.0,14.0,1.0,17.0,0.476,3996.0,112.4,113.2,-0.8,98.6,18.2,0.251,0.764,0.502,0.123,1.0,20.0,20.0,20.0,1.0,18.0,21.0,20.0,24.0,9.0,10.0,14.0,4.0
216.0,1,216.77362286605876,0.573,3956.0,110.6,108.6,2.0,99.4,18.1,0.253,0.781,0.515,0.147,1.0,12.0,12.0,12.0,17.0,22.0,2.0,16.0,25.0,7.0,3.0,6.0,26.0,0.5,3971.0,111.5,110.7,0.9,101.5,17.7,0.251,0.76,0.503,0.124,1.0,19.0,19.0,19.0,3.0,21.0,9.0,17.0,29.0,10.0,15.0,13.0,7.0
217.0,0,222.31783653477942,0.268,3966.0,107.5,113.8,-6.3,103.5,20.5,0.229,0.764,0.494,0.145,1.0,26.0,26.0,26.0,7.0,26.0,22.0,25.0,3.0,23.0,9.0,21.0,24.0,0.329,3956.0,104.2,111.7,-7.5,100.7,17.9,0.238,0.748,0.483,0.148,1.0,24.0,24.0,24.0,17.0,30.0,13.0,26.0,27.0,19.0,22.0,28.0,27.0
223.0,1,229.03538889430968,0.183,3946.0,108.3,116.8,-8.5,104.9,19.5,0.2,0.725,0.456,0.133,1.0,29.0,29.0,29.0,23.0,25.0,28.0,27.0,9.0,29.0,30.0,30.0,16.0,0.683,3961.0,113.1,106.2,6.9,99.5,19.3,0.232,0.769,0.513,0.142,1.0,4.0,4.0,4.0,10.0,16.0,1.0,3.0,14.0,22.0,8.0,7.0,23.0
227.5,0,233.9206024885235,0.561,3971.0,113.8,112.9,0.9,101.1,19.9,0.245,0.784,0.508,0.128,1.0,16.0,16.0,16.0,3.0,13.0,19.0,17.0,8.0,14.0,1.0,10.0,11.0,0.695,3961.0,117.0,109.1,7.9,102.3,19.4,0.211,0.738,0.485,0.123,1.0,2.0,2.0,2.0,10.0,3.0,4.0,2.0,12.0,28.0,29.0,27.0,5.0
223.5,0,231.5733592623559,0.695,3941.0,115.6,110.5,5.0,99.1,20.9,0.255,0.755,0.512,0.127,1.0,2.0,2.0,2.0,26.0,6.0,8.0,4.0,2.0,6.0,18.0,8.0,9.0,0.378,3961.0,112.0,117.7,-5.8,102.2,18.9,0.281,0.752,0.518,0.152,1.0,23.0,23.0,23.0,10.0,19.0,30.0,23.0,17.0,2.0,21.0,3.0,30.0
235.5,1,237.9702754689289,0.561,3966.0,114.7,112.4,2.3,101.8,20.1,0.275,0.761,0.521,0.139,1.0,16.0,16.0,16.0,7.0,10.0,15.0,14.0,5.0,4.0,13.0,2.0,22.0,0.573,3971.0,113.6,112.7,0.9,103.1,20.1,0.199,0.762,0.495,0.135,1.0,12.0,12.0,12.0,3.0,15.0,17.0,17.0,6.0,30.0,12.0,20.0,18.0
226.5,0,229.20581695688986,0.622,3941.0,116.1,112.3,3.9,99.7,18.7,0.244,0.748,0.505,0.132,1.0,5.0,5.0,5.0,26.0,4.0,14.0,6.0,18.0,16.0,23.0,11.0,15.0,0.598,3956.0,114.9,111.5,3.4,100.8,19.4,0.25,0.756,0.516,0.147,1.0,8.0,8.0,8.0,17.0,9.0,12.0,7.0,11.0,11.0,17.0,5.0,25.0
213.5,0,221.0303171116185,0.598,3941.0,115.0,110.1,5.0,100.2,19.4,0.244,0.769,0.51,0.13,1.0,8.0,8.0,8.0,26.0,8.0,7.0,4.0,10.0,15.0,6.0,9.0,12.0,0.256,3976.0,105.0,114.5,-9.5,100.0,16.7,0.275,0.74,0.494,0.15,1.0,27.0,27.0,27.0,2.0,29.0,23.0,29.0,30.0,3.0,27.0,22.0,29.0
213.0,0,213.6204258513186,0.329,3956.0,104.2,111.7,-7.5,100.7,17.9,0.238,0.748,0.483,0.148,1.0,24.0,24.0,24.0,17.0,30.0,13.0,26.0,27.0,19.0,22.0,28.0,27.0,0.585,3961.0,112.8,109.9,2.9,99.5,20.2,0.232,0.769,0.504,0.136,1.0,11.0,11.0,11.0,10.0,17.0,6.0,9.0,4.0,21.0,7.0,12.0,19.0
227.5,1,232.75108977100626,0.256,3946.0,107.1,117.0,-9.9,99.4,18.4,0.211,0.745,0.47,0.138,1.0,27.0,27.0,27.0,23.0,28.0,29.0,30.0,22.0,27.0,24.0,29.0,21.0,0.439,3971.0,114.0,116.7,-2.6,102.6,18.4,0.271,0.752,0.502,0.13,1.0,21.0,21.0,21.0,3.0,12.0,27.0,21.0,21.0,5.0,20.0,15.0,13.0
220.5,0,228.06832398661345,0.305,3961.0,109.8,115.8,-6.0,101.8,19.9,0.242,0.739,0.486,0.137,1.0,25.0,25.0,25.0,10.0,24.0,25.0,24.0,7.0,17.0,28.0,26.0,20.0,0.39,3961.0,110.4,113.1,-2.7,99.4,18.6,0.252,0.76,0.499,0.131,1.0,22.0,22.0,22.0,10.0,23.0,20.0,22.0,19.0,8.0,16.0,18.0,14.0
218.5,0,224.13693091965217,0.61,3941.0,115.2,112.6,2.6,102.4,18.5,0.222,0.752,0.488,0.122,1.0,6.0,6.0,6.0,26.0,7.0,16.0,12.0,20.0,24.0,19.0,25.0,3.0,0.561,3951.0,111.7,109.5,2.2,98.5,19.1,0.218,0.781,0.497,0.128,1.0,16.0,16.0,16.0,21.0,20.0,5.0,15.0,15.0,26.0,2.0,19.0,10.0
212.5,1,224.98320402941454,0.573,3956.0,110.6,108.6,2.0,99.4,18.1,0.253,0.781,0.515,0.147,1.0,12.0,12.0,12.0,17.0,22.0,2.0,16.0,25.0,7.0,3.0,6.0,26.0,0.598,3961.0,116.0,112.8,3.2,102.2,19.0,0.218,0.772,0.501,0.126,1.0,8.0,8.0,8.0,10.0,5.0,18.0,8.0,16.0,25.0,5.0,17.0,8.0
231.0,0,233.64612645410284,0.268,3966.0,107.5,113.8,-6.3,103.5,20.5,0.229,0.764,0.494,0.145,1.0,26.0,26.0,26.0,7.0,26.0,22.0,25.0,3.0,23.0,9.0,21.0,24.0,0.695,3961.0,117.0,109.1,7.9,102.3,19.4,0.211,0.738,0.485,0.123,1.0,2.0,2.0,2.0,10.0,3.0,4.0,2.0,12.0,28.0,29.0,27.0,5.0
